id,title,logo,stream_url,source,visible,weight
BBC1,BBC One,https://github.com/RenegadesTV/repository.renegadestv/raw/master/Logos/BBC%20One.png,,xmltv,0,66
BBC1 N Ireland,BBC One Northern Ireland,https://github.com/RenegadesTV/repository.renegadestv/raw/master/Logos/BBC%20One%20Northern%20Ireland.png,,xmltv,0,67
BBC1 Scotland,BBC One Scotland,https://github.com/RenegadesTV/repository.renegadestv/raw/master/Logos/BBC%20One%20Scotland.png,,xmltv,0,68
BBC1 Wales,BBC One Wales,https://github.com/RenegadesTV/repository.renegadestv/raw/master/Logos/BBC%20One%20Wales.png,,xmltv,0,69
BBC2,BBC Two,https://github.com/RenegadesTV/repository.renegadestv/raw/master/Logos/BBC%20Two.png,,xmltv,0,70
BBC2 N Ireland,BBC Two Northern Ireland,https://github.com/RenegadesTV/repository.renegadestv/raw/master/Logos/BBC%20Two%20Northern%20Ireland.png,,xmltv,0,71
BBC2 Scotland,BBC Two Scotland,https://github.com/RenegadesTV/repository.renegadestv/raw/master/Logos/BBC%20Two%20Scotland.png,,xmltv,0,72
BBC2 Wales,BBC Two Wales,https://github.com/RenegadesTV/repository.renegadestv/raw/master/Logos/BBC%20Two%20Wales.png,,xmltv,0,73
ITV London,ITV1,https://github.com/RenegadesTV/repository.renegadestv/raw/master/Logos/ITV1.png,,xmltv,0,74
ITV London +1,ITV1+1,https://github.com/RenegadesTV/repository.renegadestv/raw/master/Logos/ITV1+1.png,,xmltv,0,75
Channel 4,Channel 4,https://github.com/RenegadesTV/repository.renegadestv/raw/master/Logos/Channel%204.png,,xmltv,0,76
Channel 5,Channel 5,https://github.com/RenegadesTV/repository.renegadestv/raw/master/Logos/Channel%205.png,,xmltv,0,77
Sky1,Sky 1,https://github.com/RenegadesTV/repository.renegadestv/raw/master/Logos/Sky%201.png,,xmltv,0,78
Sky Living,Sky Living,https://github.com/RenegadesTV/repository.renegadestv/raw/master/Logos/Sky%20Living.png,,xmltv,0,79
Sky Atlantic,Sky Atlantic,https://github.com/RenegadesTV/repository.renegadestv/raw/master/Logos/Sky%20Atlantic.png,,xmltv,0,80
Watch,Watch,https://github.com/RenegadesTV/repository.renegadestv/raw/master/Logos/Watch.png,,xmltv,0,81
GOLD,GOLD,https://github.com/RenegadesTV/repository.renegadestv/raw/master/Logos/GOLD.png,,xmltv,0,82
Dave,Dave,https://github.com/RenegadesTV/repository.renegadestv/raw/master/Logos/Dave.png,,xmltv,0,83
ComedyCentral,ComedyCentral,https://github.com/RenegadesTV/repository.renegadestv/raw/master/Logos/ComedyCentral.png,,xmltv,0,15
Universal Channel,Universal,https://github.com/RenegadesTV/repository.renegadestv/raw/master/Logos/Universal.png,,xmltv,0,84
Syfy UK,Syfy,https://github.com/RenegadesTV/repository.renegadestv/raw/master/Logos/Syfy.png,,xmltv,0,85
BBC Four,BBC Four,https://github.com/RenegadesTV/repository.renegadestv/raw/master/Logos/BBC%20Four.png,,xmltv,0,86
ITV2,ITV2,https://github.com/RenegadesTV/repository.renegadestv/raw/master/Logos/ITV2.png,,xmltv,0,87
ITV2 +1,ITV2+1,https://github.com/RenegadesTV/repository.renegadestv/raw/master/Logos/ITV2+1.png,,xmltv,0,88
ITV3,ITV3,https://github.com/RenegadesTV/repository.renegadestv/raw/master/Logos/ITV3.png,,xmltv,0,89
ITV3+1,ITV3+1,https://github.com/RenegadesTV/repository.renegadestv/raw/master/Logos/ITV3+1.png,,xmltv,0,90
ITV4,ITV4,https://github.com/RenegadesTV/repository.renegadestv/raw/master/Logos/ITV4.png,,xmltv,0,91
ITV4 + 1,ITV4+1,https://github.com/RenegadesTV/repository.renegadestv/raw/master/Logos/ITV4+1.png,,xmltv,0,92
ITV Encore,ITV Encore,https://github.com/RenegadesTV/repository.renegadestv/raw/master/Logos/ITV%20Encore.png,,xmltv,0,93
ITVBe,ITVBe,https://github.com/RenegadesTV/repository.renegadestv/raw/master/Logos/ITVBe.png,,xmltv,0,94
London Live,London Live,https://github.com/RenegadesTV/repository.renegadestv/raw/master/Logos/London%20Live.png,,xmltv,0,95
Eden,Eden,https://github.com/RenegadesTV/repository.renegadestv/raw/master/Logos/Eden.png,,xmltv,0,96
Yesterday,Yesterday,https://github.com/RenegadesTV/repository.renegadestv/raw/master/Logos/Yesterday.png,,xmltv,0,97
S4C,S4C,https://github.com/RenegadesTV/repository.renegadestv/raw/master/Logos/S4C.png,,xmltv,0,98
Sky2,Sky 2,https://github.com/RenegadesTV/repository.renegadestv/raw/master/Logos/Sky%202.png,,xmltv,0,99
FOX,FOX,https://github.com/RenegadesTV/repository.renegadestv/raw/master/Logos/FOX.png,,xmltv,0,100
TLC,TLC,https://github.com/RenegadesTV/repository.renegadestv/raw/master/Logos/TLC.png,,xmltv,1,23
Sky Arts 1,Sky Arts,https://github.com/RenegadesTV/repository.renegadestv/raw/master/Logos/Sky%20Arts.png,,xmltv,0,101
Alibi,alibi,https://github.com/RenegadesTV/repository.renegadestv/raw/master/Logos/alibi.png,,xmltv,0,102
E4,E4,https://github.com/RenegadesTV/repository.renegadestv/raw/master/Logos/E4.png,,xmltv,0,103
More4,More4,https://github.com/RenegadesTV/repository.renegadestv/raw/master/Logos/More4.png,,xmltv,0,104
4seven,4seven,https://github.com/RenegadesTV/repository.renegadestv/raw/master/Logos/4seven.png,,xmltv,0,105
DMAX,DMAX,https://github.com/RenegadesTV/repository.renegadestv/raw/master/Logos/DMAX.png,,xmltv,0,106
Challenge,Challenge,https://github.com/RenegadesTV/repository.renegadestv/raw/master/Logos/Challenge.png,,xmltv,0,107
CBS Reality,CBS Reality,https://github.com/RenegadesTV/repository.renegadestv/raw/master/Logos/CBS%20Reality.png,,xmltv,1,64
CBS Reality +1,CBS Reality+1,https://github.com/RenegadesTV/repository.renegadestv/raw/master/Logos/CBS%20Reality+1.png,,xmltv,1,65
CBS Action,CBS Action,https://github.com/RenegadesTV/repository.renegadestv/raw/master/Logos/CBS%20Action.png,,xmltv,1,62
CBS Drama,CBS Drama,https://github.com/RenegadesTV/repository.renegadestv/raw/master/Logos/CBS%20Drama.png,,xmltv,1,63
5USA,5 USA,https://github.com/RenegadesTV/repository.renegadestv/raw/master/Logos/5%20USA.png,,xmltv,0,108
RTÉ One,RTE1,https://github.com/RenegadesTV/repository.renegadestv/raw/master/Logos/RTE1.png,,xmltv,0,109
RTÉ Two,RTE2,https://github.com/RenegadesTV/repository.renegadestv/raw/master/Logos/RTE2.png,,xmltv,0,110
TV3,TV3,https://github.com/RenegadesTV/repository.renegadestv/raw/master/Logos/TV3.png,,xmltv,0,111
TG4,TG4,https://github.com/RenegadesTV/repository.renegadestv/raw/master/Logos/TG4.png,,xmltv,0,112
UTV,UTV,https://github.com/RenegadesTV/repository.renegadestv/raw/master/Logos/UTV.png,,xmltv,0,113
3e,3e,https://github.com/RenegadesTV/repository.renegadestv/raw/master/Logos/3e.png,,xmltv,0,114
truTV UK,TruTV,https://github.com/RenegadesTV/repository.renegadestv/raw/master/Logos/TruTV.png,,xmltv,1,26
E!,E!,https://github.com/RenegadesTV/repository.renegadestv/raw/master/Logos/E!.png,,xmltv,1,20
Pick,PICK TV,https://github.com/RenegadesTV/repository.renegadestv/raw/master/Logos/PICK%20TV.png,,xmltv,0,116
QUEST,QUEST,https://github.com/RenegadesTV/repository.renegadestv/raw/master/Logos/QUEST.png,,xmltv,0,117
Drama,Drama,https://github.com/RenegadesTV/repository.renegadestv/raw/master/Logos/Drama.png,,xmltv,0,118
5*,5 Star,https://github.com/RenegadesTV/repository.renegadestv/raw/master/Logos/5%20Star.png,,xmltv,0,119
Good Food,Good Food,https://github.com/RenegadesTV/repository.renegadestv/raw/master/Logos/Good%20Food.png,,xmltv,0,120
Food Network,Food Network,https://github.com/RenegadesTV/repository.renegadestv/raw/master/Logos/Food%20Network.png,,xmltv,1,31
Food Network +1,Food Network+1,https://github.com/RenegadesTV/repository.renegadestv/raw/master/Logos/Food%20Network+1.png,,xmltv,1,32
Really,Really,https://github.com/RenegadesTV/repository.renegadestv/raw/master/Logos/Really.png,,xmltv,0,121
Home,Home,https://github.com/RenegadesTV/repository.renegadestv/raw/master/Logos/Home.png,,xmltv,0,122
TrueEntertainment,True Ent,https://github.com/RenegadesTV/repository.renegadestv/raw/master/Logos/True%20Ent.png,,xmltv,0,123
Rai 1,Rai 1,https://github.com/RenegadesTV/repository.renegadestv/raw/master/Logos/Rai%201.png,,xmltv,0,176
Rai 2,Rai 2,https://github.com/RenegadesTV/repository.renegadestv/raw/master/Logos/Rai%202.png,,xmltv,0,177
Canale 5,Canale 5,https://github.com/RenegadesTV/repository.renegadestv/raw/master/Logos/Canale%205.png,,xmltv,0,178
Italia 1,Italia 1,https://github.com/RenegadesTV/repository.renegadestv/raw/master/Logos/Italia%201.png,,xmltv,0,179
Sky Movies Premiere,Sky Movies Premiere,https://github.com/RenegadesTV/repository.renegadestv/raw/master/Logos/Sky%20Movies%20Premiere.png,,xmltv,1,163
Sky Movies Showcase,Sky Movies Showcase,https://github.com/RenegadesTV/repository.renegadestv/raw/master/Logos/Sky%20Movies%20Showcase.png,,xmltv,1,164
Sky Movies Comedy,Sky Movies Comedy,https://github.com/RenegadesTV/repository.renegadestv/raw/master/Logos/Sky%20Movies%20Comedy.png,,xmltv,1,165
Sky Movies Action & Adventure,Sky Movies Action,https://github.com/RenegadesTV/repository.renegadestv/raw/master/Logos/Sky%20Movies%20Action.png,,xmltv,1,166
Sky Movies Greats,Sky Movies Greats,https://github.com/RenegadesTV/repository.renegadestv/raw/master/Logos/Sky%20Movies%20Greats.png,,xmltv,1,167
Sky Movies Disney,Sky Movies Disney,https://github.com/RenegadesTV/repository.renegadestv/raw/master/Logos/Sky%20Movies%20Disney.png,,xmltv,1,168
Sky Movies Family,Sky Movies Family,https://github.com/RenegadesTV/repository.renegadestv/raw/master/Logos/Sky%20Movies%20Family.png,,xmltv,1,169
Sky Movies Crime & Thriller,Sky Movies Crime,https://github.com/RenegadesTV/repository.renegadestv/raw/master/Logos/Sky%20Movies%20Crime.png,,xmltv,1,170
Sky Movies Sci-fi & Horror,Sky Movies Scifi,https://github.com/RenegadesTV/repository.renegadestv/raw/master/Logos/Sky%20Movies%20Scifi.png,,xmltv,1,171
Sky Movies Select,Sky Movies Select,https://github.com/RenegadesTV/repository.renegadestv/raw/master/Logos/Sky%20Movies%20Select.png,,xmltv,1,172
Film4,Film 4,https://github.com/RenegadesTV/repository.renegadestv/raw/master/Logos/Film%204.png,,xmltv,1,173
True Movies 1,True Movies 1,https://github.com/RenegadesTV/repository.renegadestv/raw/master/Logos/True%20Movies%201.png,,xmltv,1,174
True Movies 2,True Movies 2,https://github.com/RenegadesTV/repository.renegadestv/raw/master/Logos/True%20Movies%202.png,,xmltv,1,175
HMM,Hallmark Channel,http://www.teamtdb.co.uk/guide/logos_/Hallmark%20Channel.png,,xmltv,0,180
5MAX,Five Star Max,http://www.teamtdb.co.uk/guide/logos_/Five%20Star%20Max.png,,xmltv,0,181
Sky Sports 1,Sky Sports 1,https://github.com/RenegadesTV/repository.renegadestv/raw/master/Logos/Sky%20Sports%201.png,,xmltv,1,135
Sky Sports 2,Sky Sports 2,https://github.com/RenegadesTV/repository.renegadestv/raw/master/Logos/Sky%20Sports%202.png,,xmltv,1,136
Sky Sports 3,Sky Sports 3,https://github.com/RenegadesTV/repository.renegadestv/raw/master/Logos/Sky%20Sports%203.png,,xmltv,1,137
Sky Sports 4,Sky Sports 4,https://github.com/RenegadesTV/repository.renegadestv/raw/master/Logos/Sky%20Sports%204.png,,xmltv,1,138
Sky Sports 5,Sky Sports 5,https://github.com/RenegadesTV/repository.renegadestv/raw/master/Logos/Sky%20Sports%205.png,,xmltv,1,139
Sky Sports F1,Sky Sports F1,https://github.com/RenegadesTV/repository.renegadestv/raw/master/Logos/Sky%20Sports%20F1.png,,xmltv,1,140
Sky Sports News,Sky Sports News,https://github.com/RenegadesTV/repository.renegadestv/raw/master/Logos/Sky%20Sports%20News.png,,xmltv,1,141
British Eurosport,Eurosport,https://github.com/RenegadesTV/repository.renegadestv/raw/master/Logos/Eurosport.png,,xmltv,0,161
British Eurosport 2,Eurosport 2,https://github.com/RenegadesTV/repository.renegadestv/raw/master/Logos/Eurosport%202.png,,xmltv,0,162
BT Sport 1,BT Sport 1,https://github.com/RenegadesTV/repository.renegadestv/raw/master/Logos/BT%20Sport%201.png,,xmltv,1,129
BT Sport 2,BT Sport 2,https://github.com/RenegadesTV/repository.renegadestv/raw/master/Logos/BT%20Sport%202.png,,xmltv,1,130
BT Sport Europe,BT Sport 3,https://github.com/RenegadesTV/repository.renegadestv/raw/master/Logos/BT%20Sport%203.png,,xmltv,1,131
at the races,At The Races,https://github.com/RenegadesTV/repository.renegadestv/raw/master/Logos/At%20The%20Races.png,,xmltv,0,182
Racing UK,Racing UK,https://github.com/RenegadesTV/repository.renegadestv/raw/master/Logos/Racing%20UK.png,,xmltv,0,183
BoxNation,BoxNation,https://github.com/RenegadesTV/repository.renegadestv/raw/master/Logos/BoxNation.png,,xmltv,1,159
1441297460beINSports,BeinSports,https://github.com/RenegadesTV/repository.renegadestv/raw/master/Logos/BeinSports.png,,xmltv,0,184
1HD,Bein Sports 1,https://github.com/RenegadesTV/repository.renegadestv/raw/master/Logos/Bein%20Sports%201.png,,xmltv,0,185
2HD,Bein Sports 2,https://github.com/RenegadesTV/repository.renegadestv/raw/master/Logos/Bein%20Sports%202.png,,xmltv,0,186
3HD,Bein Sports 3,https://github.com/RenegadesTV/repository.renegadestv/raw/master/Logos/Bein%20Sports%203.png,,xmltv,0,187
4HD,Bein Sports 4,https://github.com/RenegadesTV/repository.renegadestv/raw/master/Logos/Bein%20Sports%204.png,,xmltv,0,188
5HD,Bein Sports 5,https://github.com/RenegadesTV/repository.renegadestv/raw/master/Logos/Bein%20Sports%205.png,,xmltv,0,189
6HD,Bein Sports 6,https://github.com/RenegadesTV/repository.renegadestv/raw/master/Logos/Bein%20Sports%206.png,,xmltv,0,190
7HD,Bein Sports 7,https://github.com/RenegadesTV/repository.renegadestv/raw/master/Logos/Bein%20Sports%207.png,,xmltv,0,191
8HD,Bein Sports 8,https://github.com/RenegadesTV/repository.renegadestv/raw/master/Logos/Bein%20Sports%208.png,,xmltv,0,192
9HD,Bein Sports 9,https://github.com/RenegadesTV/repository.renegadestv/raw/master/Logos/Bein%20Sports%209.png,,xmltv,0,193
10HD,Bein Sports 10,https://github.com/RenegadesTV/repository.renegadestv/raw/master/Logos/Bein%20Sports%2010.png,,xmltv,0,194
11HD,Bein Sports 11,https://github.com/RenegadesTV/repository.renegadestv/raw/master/Logos/Bein%20Sports%2011.png,,xmltv,0,195
12HD,Bein Sports 12,https://github.com/RenegadesTV/repository.renegadestv/raw/master/Logos/Bein%20Sports%2012.png,,xmltv,0,196
ESPN,BT Sport ESPN,https://github.com/RenegadesTV/repository.renegadestv/raw/master/Logos/BT%20Sport%20ESPN.png,,xmltv,1,132
Setanta Sports 1,Setanta Sports 1,https://github.com/RenegadesTV/repository.renegadestv/raw/master/Logos/Setanta%20Sports%201.png,,xmltv,0,197
Setanta Ireland,Setanta Sports Ireland,https://github.com/RenegadesTV/repository.renegadestv/raw/master/Logos/Setanta%20Sports%20Ireland.png,,xmltv,0,198
Premier Sports,Premier Sports,https://github.com/RenegadesTV/repository.renegadestv/raw/master/Logos/Premier%20Sports.png,,xmltv,0,199
SN360,Sportsnet 360,https://github.com/RenegadesTV/repository.renegadestv/raw/master/Logos/Sportsnet%20360.png,,xmltv,0,152
SNO,Sportsnet Ontario,https://github.com/RenegadesTV/repository.renegadestv/raw/master/Logos/Sportsnet%20Ontario.png,,xmltv,1,153
SNE,Sportsnet East,https://github.com/RenegadesTV/repository.renegadestv/raw/master/Logos/Sportsnet%20East.png,,xmltv,0,154
SNP,Sportsnet Pacific,https://github.com/RenegadesTV/repository.renegadestv/raw/master/Logos/Sportsnet%20Pacific.png,,xmltv,0,155
SNW,Sportsnet West,https://github.com/RenegadesTV/repository.renegadestv/raw/master/Logos/Sportsnet%20West.png,,xmltv,0,156
SN1,Sportsnet One,https://github.com/RenegadesTV/repository.renegadestv/raw/master/Logos/Sportsnet%20One.png,,xmltv,1,157
SNWLH,SportsNet World,https://github.com/RenegadesTV/repository.renegadestv/raw/master/Logos/SportsNet%20World.png,,xmltv,1,158
RDS,RDS,https://github.com/RenegadesTV/repository.renegadestv/raw/master/Logos/RDS.png,,xmltv,0,200
RDS2 HD,RDS2 HD,https://github.com/RenegadesTV/repository.renegadestv/raw/master/Logos/RDS2%20HD.png,,xmltv,0,201
RDS Info HD,RDS Info HD,https://github.com/RenegadesTV/repository.renegadestv/raw/master/Logos/RDS%20Info%20HD.png,,xmltv,0,202
TSN1,TSN1,https://github.com/RenegadesTV/repository.renegadestv/raw/master/Logos/TSN1.png,,xmltv,1,147
TSN2,TSN2,https://github.com/RenegadesTV/repository.renegadestv/raw/master/Logos/TSN2.png,,xmltv,1,148
TSN3,TSN3,https://github.com/RenegadesTV/repository.renegadestv/raw/master/Logos/TSN3.png,,xmltv,1,149
TSN4,TSN4,https://github.com/RenegadesTV/repository.renegadestv/raw/master/Logos/TSN4.png,,xmltv,1,150
TSN,TSN5,https://github.com/RenegadesTV/repository.renegadestv/raw/master/Logos/TSN5.png,,xmltv,1,151
MUTV,MUTV,https://github.com/RenegadesTV/repository.renegadestv/raw/master/Logos/MUTV.png,,xmltv,1,160
LiverpoolFCTV,LFCTV,https://github.com/RenegadesTV/repository.renegadestv/raw/master/Logos/LFCTV.png,,xmltv,0,203
Chelsea TV,Chelsea TV,https://github.com/RenegadesTV/repository.renegadestv/raw/master/Logos/Chelsea%20TV.png,,xmltv,0,204
Astro SuperSport,Astro SuperSport,https://github.com/RenegadesTV/repository.renegadestv/raw/master/Logos/Astro%20SuperSport.png,,xmltv,0,205
Astro SuperSport 2,Astro SuperSport 2,https://github.com/RenegadesTV/repository.renegadestv/raw/master/Logos/Astro%20SuperSport%202.png,,xmltv,0,206
Astro SuperSport 3,Astro SuperSport 3,https://github.com/RenegadesTV/repository.renegadestv/raw/master/Logos/Astro%20SuperSport%203.png,,xmltv,0,207
astro-supersports-4-,Astro SuperSport 4,https://github.com/RenegadesTV/repository.renegadestv/raw/master/Logos/Astro%20SuperSport%204.png,,xmltv,0,208
ARENA SPORT 1,Arena Sport 1,https://github.com/RenegadesTV/repository.renegadestv/raw/master/Logos/Arena%20Sport%201.png,,xmltv,0,209
ARENA SPORT 2,Arena Sport 2,https://github.com/RenegadesTV/repository.renegadestv/raw/master/Logos/Arena%20Sport%202.png,,xmltv,0,210
ARENA SPORT3,Arena Sport 3,https://github.com/RenegadesTV/repository.renegadestv/raw/master/Logos/Arena%20Sport%203.png,,xmltv,0,211
ARENA SPORT4,Arena Sport 4,https://github.com/RenegadesTV/repository.renegadestv/raw/master/Logos/Arena%20Sport%204.png,,xmltv,0,212
SK1,Sport Klub 1 HD,https://github.com/RenegadesTV/repository.renegadestv/raw/master/Logos/Sport%20Klub%201%20HD.png,,xmltv,0,213
SK2,Sport Klub 2 HD,https://github.com/RenegadesTV/repository.renegadestv/raw/master/Logos/Sport%20Klub%202%20HD.png,,xmltv,0,214
SK3,Sport Klub 3 HD,https://github.com/RenegadesTV/repository.renegadestv/raw/master/Logos/Sport%20Klub%203%20HD.png,,xmltv,0,215
SK4,Sport Klub 4 HD,https://github.com/RenegadesTV/repository.renegadestv/raw/master/Logos/Sport%20Klub%204%20HD.png,,xmltv,0,216
SK5,Sport Klub 5 HD,https://github.com/RenegadesTV/repository.renegadestv/raw/master/Logos/Sport%20Klub%205%20HD.png,,xmltv,0,217
CBS Sports,CBS Sports ,https://github.com/RenegadesTV/repository.renegadestv/raw/master/Logos/CBS%20Sports%20.png,,xmltv,1,133
NBCSN,NBC Sports Network,https://github.com/RenegadesTV/repository.renegadestv/raw/master/Logos/NBC%20Sports%20Network.png,,xmltv,1,134
Golf,Golf Channel,https://github.com/RenegadesTV/repository.renegadestv/raw/master/Logos/Golf%20Channel.png,,xmltv,1,142
Tennis,Tennis Channel,https://github.com/RenegadesTV/repository.renegadestv/raw/master/Logos/Tennis%20Channel.png,,xmltv,0,218
Willow Cricket (WILLOW),Willow Cricket,https://github.com/RenegadesTV/repository.renegadestv/raw/master/Logos/Willow%20Cricket.png,,xmltv,0,219
NBATV,NBA TV,https://github.com/RenegadesTV/repository.renegadestv/raw/master/Logos/NBA%20TV.png,,xmltv,1,144
MLB,MLB Network,https://github.com/RenegadesTV/repository.renegadestv/raw/master/Logos/MLB%20Network.png,,xmltv,1,143
NFL,NFL Network,https://github.com/RenegadesTV/repository.renegadestv/raw/master/Logos/NFL%20Network.png,,xmltv,1,145
NHL NET,NHL Network,https://github.com/RenegadesTV/repository.renegadestv/raw/master/Logos/NHL%20Network.png,,xmltv,1,146
BIGTEN,Big Ten Network,https://github.com/RenegadesTV/repository.renegadestv/raw/master/Logos/Big%20Ten%20Network.png,,xmltv,0,220
ESPN US,ESPN,https://github.com/RenegadesTV/repository.renegadestv/raw/master/Logos/ESPN.png,,xmltv,1,124
ESPN 2,ESPN 2,https://github.com/RenegadesTV/repository.renegadestv/raw/master/Logos/ESPN%202.png,,xmltv,1,125
ESPNU,ESPN U,https://github.com/RenegadesTV/repository.renegadestv/raw/master/Logos/ESPN%20U.png,,xmltv,0,126
SEC,SEC Network,https://github.com/RenegadesTV/repository.renegadestv/raw/master/Logos/SEC%20Network.png,,xmltv,0,221
MSG,MSG,https://github.com/RenegadesTV/repository.renegadestv/raw/master/Logos/MSG.png,,xmltv,0,222
FS1,Fox Sports 1,https://github.com/RenegadesTV/repository.renegadestv/raw/master/Logos/Fox%20Sports%201.png,,xmltv,1,127
FS2,Fox Sports 2,https://github.com/RenegadesTV/repository.renegadestv/raw/master/Logos/Fox%20Sports%202.png,,xmltv,1,128
WWEHD,WWE Network,https://github.com/RenegadesTV/repository.renegadestv/raw/master/Logos/WWE%20Network.png,,xmltv,0,223
MTV UK,MTV Music,https://github.com/RenegadesTV/repository.renegadestv/raw/master/Logos/MTV%20Music.png,,xmltv,0,224
MTV,MTV,https://github.com/RenegadesTV/repository.renegadestv/raw/master/Logos/MTV.png,,xmltv,0,225
MTV Base,MTV Base,https://github.com/RenegadesTV/repository.renegadestv/raw/master/Logos/MTV%20Base.png,,xmltv,0,226
MTV Hits,MTV Hits,https://github.com/RenegadesTV/repository.renegadestv/raw/master/Logos/MTV%20Hits.png,,xmltv,0,227
MTV Dance,MTV Dance,https://github.com/RenegadesTV/repository.renegadestv/raw/master/Logos/MTV%20Dance.png,,xmltv,0,228
MTV Rocks,MTV ROCKS,https://github.com/RenegadesTV/repository.renegadestv/raw/master/Logos/MTV%20ROCKS.png,,xmltv,0,229
MTV Classic,MTV CLASSIC,https://github.com/RenegadesTV/repository.renegadestv/raw/master/Logos/MTV%20CLASSIC.png,,xmltv,0,230
VH1UK,VH1,https://github.com/RenegadesTV/repository.renegadestv/raw/master/Logos/VH1.png,,xmltv,1,60
VH1,VH1,https://github.com/RenegadesTV/repository.renegadestv/raw/master/Logos/VH1.png,,xmltv,1,59
Viva,VIVA,https://github.com/RenegadesTV/repository.renegadestv/raw/master/Logos/VIVA.png,,xmltv,0,231
The Box,The Box,https://github.com/RenegadesTV/repository.renegadestv/raw/master/Logos/The%20Box.png,,xmltv,0,232
Smash Hits!,Smash Hits!,https://github.com/RenegadesTV/repository.renegadestv/raw/master/Logos/Smash%20Hits!.png,,xmltv,0,233
Magic TV,Magic,https://github.com/RenegadesTV/repository.renegadestv/raw/master/Logos/Magic.png,,xmltv,0,234
Scuzz,Scuzz,https://github.com/RenegadesTV/repository.renegadestv/raw/master/Logos/Scuzz.png,,xmltv,0,235
Kerrang! TV,Kerrang!,https://github.com/RenegadesTV/repository.renegadestv/raw/master/Logos/Kerrang!.png,,xmltv,0,236
VOX Music TV,Vox Music TV,https://github.com/RenegadesTV/repository.renegadestv/raw/master/Logos/Vox%20Music%20TV.png,,xmltv,0,237
ESKA TV,Eska TV,https://github.com/RenegadesTV/repository.renegadestv/raw/master/Logos/Eska%20TV.png,,xmltv,0,238
ESKA Rock,Eska Rock,https://github.com/RenegadesTV/repository.renegadestv/raw/master/Logos/Eska%20Rock.png,,xmltv,0,239
Eska Party,Eska Party,https://github.com/RenegadesTV/repository.renegadestv/raw/master/Logos/Eska%20Party.png,,xmltv,0,240
Clubland TV,Clubland TV,https://github.com/RenegadesTV/repository.renegadestv/raw/master/Logos/Clubland%20TV.png,,xmltv,0,241
Capital TV,Capital TV,https://github.com/RenegadesTV/repository.renegadestv/raw/master/Logos/Capital%20TV.png,,xmltv,0,242
Kiss TV,Kiss TV,https://github.com/RenegadesTV/repository.renegadestv/raw/master/Logos/Kiss%20TV.png,,xmltv,0,243
Sky News,Sky News,https://github.com/RenegadesTV/repository.renegadestv/raw/master/Logos/Sky%20News.png,,xmltv,0,244
BBC News,BBC News,https://github.com/RenegadesTV/repository.renegadestv/raw/master/Logos/BBC%20News.png,,xmltv,0,245
Fox News,Fox News Channel,https://github.com/RenegadesTV/repository.renegadestv/raw/master/Logos/Fox%20News%20Channel.png,,xmltv,1,8
FBN,Fox Business Network,https://github.com/RenegadesTV/repository.renegadestv/raw/master/Logos/Fox%20Business%20Network.png,,xmltv,0,246
MSNBC,MSNBC,https://github.com/RenegadesTV/repository.renegadestv/raw/master/Logos/MSNBC.png,,xmltv,1,9
CNBC,CNBC,https://github.com/RenegadesTV/repository.renegadestv/raw/master/Logos/CNBC.png,,xmltv,1,10
CNN,CNN,https://github.com/RenegadesTV/repository.renegadestv/raw/master/Logos/CNN.png,,xmltv,1,7
Discovery,Discovery,https://github.com/RenegadesTV/repository.renegadestv/raw/master/Logos/Discovery.png,,xmltv,1,39
Discovery Science,Discovery Science,https://github.com/RenegadesTV/repository.renegadestv/raw/master/Logos/Discovery%20Science.png,,xmltv,1,41
Discovery Turbo,Discovery Turbo,https://github.com/RenegadesTV/repository.renegadestv/raw/master/Logos/Discovery%20Turbo.png,,xmltv,1,42
Discovery History,Discovery History,https://github.com/RenegadesTV/repository.renegadestv/raw/master/Logos/Discovery%20History.png,,xmltv,1,40
Discovery Shed,Discovery Shed,https://github.com/RenegadesTV/repository.renegadestv/raw/master/Logos/Discovery%20Shed.png,,xmltv,0,247
Investigation Discovery,ID,https://github.com/RenegadesTV/repository.renegadestv/raw/master/Logos/ID.png,,xmltv,1,43
Animal Planet,Animal Planet,https://github.com/RenegadesTV/repository.renegadestv/raw/master/Logos/Animal%20Planet.png,,xmltv,1,28
NationalGeographic,Nat Geo,https://github.com/RenegadesTV/repository.renegadestv/raw/master/Logos/Nat%20Geo.png,,xmltv,1,44
Nat Geo Wild,Nat Geo Wild,https://github.com/RenegadesTV/repository.renegadestv/raw/master/Logos/Nat%20Geo%20Wild.png,,xmltv,1,46
HISTORY,History,https://github.com/RenegadesTV/repository.renegadestv/raw/master/Logos/History.png,,xmltv,1,34
CI,CI,https://github.com/RenegadesTV/repository.renegadestv/raw/master/Logos/CI.png,,xmltv,0,47
H2 (H2),H2,https://github.com/RenegadesTV/repository.renegadestv/raw/master/Logos/H2.png,,xmltv,1,37
BBCA,BBC America,https://github.com/RenegadesTV/repository.renegadestv/raw/master/Logos/BBC%20America.png,,xmltv,0,248
Cartoon Network,Cartoon Network,https://github.com/RenegadesTV/repository.renegadestv/raw/master/Logos/Cartoon%20Network.png,,xmltv,1,48
Nickelodeon,Nickelodeon,https://github.com/RenegadesTV/repository.renegadestv/raw/master/Logos/Nickelodeon.png,,xmltv,0,51
Nicktoons,Nicktoons,https://github.com/RenegadesTV/repository.renegadestv/raw/master/Logos/Nicktoons.png,,xmltv,0,249
Disney XD,Disney XD,https://github.com/RenegadesTV/repository.renegadestv/raw/master/Logos/Disney%20XD.png,,xmltv,1,252
Disney Channel,Disney Channel,https://github.com/RenegadesTV/repository.renegadestv/raw/master/Logos/Disney%20Channel.png,,xmltv,0,52
Disney Junior,Disney Junior,https://github.com/RenegadesTV/repository.renegadestv/raw/master/Logos/Disney%20Junior.png,,xmltv,0,52
CBBC,CBBC Channel,https://github.com/RenegadesTV/repository.renegadestv/raw/master/Logos/CBBC%20Channel.png,,xmltv,0,255
CBeebies,CBeebies,https://github.com/RenegadesTV/repository.renegadestv/raw/master/Logos/CBeebies.png,,xmltv,0,256
Nick Jr,Nick Junior,https://github.com/RenegadesTV/repository.renegadestv/raw/master/Logos/Nick%20Junior.png,,xmltv,0,257
Cartoonito,Cartoonito,https://github.com/RenegadesTV/repository.renegadestv/raw/master/Logos/Cartoonito.png,,xmltv,0,258
Nick Jr Too,Nick Junior 2,https://github.com/RenegadesTV/repository.renegadestv/raw/master/Logos/Nick%20Junior%202.png,,xmltv,0,259
CITV UK,CITV,https://github.com/RenegadesTV/repository.renegadestv/raw/master/Logos/CITV.png,,xmltv,0,260
ABC,ABC,https://github.com/RenegadesTV/repository.renegadestv/raw/master/Logos/ABC.png,,xmltv,1,0
CBS,CBS,https://github.com/RenegadesTV/repository.renegadestv/raw/master/Logos/CBS.png,,xmltv,1,2
FXX,FXX,https://github.com/RenegadesTV/repository.renegadestv/raw/master/Logos/FXX.png,,xmltv,1,19
FOX US,FOX,https://github.com/RenegadesTV/repository.renegadestv/raw/master/Logos/FOX.png,,xmltv,1,3
NBC,NBC,https://github.com/RenegadesTV/repository.renegadestv/raw/master/Logos/NBC.png,,xmltv,1,1
PBS,PBS,https://github.com/RenegadesTV/repository.renegadestv/raw/master/Logos/PBS.png,,xmltv,1,4
My9,My9,https://github.com/RenegadesTV/repository.renegadestv/raw/master/Logos/My9.png,,xmltv,1,6
A&E,AETV,https://github.com/RenegadesTV/repository.renegadestv/raw/master/Logos/AETV.png,,xmltv,1,12
AMC,AMC,https://github.com/RenegadesTV/repository.renegadestv/raw/master/Logos/AMC.png,,xmltv,1,11
AnimalPlanet,Animal Planet,https://github.com/RenegadesTV/repository.renegadestv/raw/master/Logos/Animal%20Planet.png,,xmltv,1,29
Bravo,Bravo,https://github.com/RenegadesTV/repository.renegadestv/raw/master/Logos/Bravo.png,,xmltv,1,14
IONDTV,ION,https://github.com/RenegadesTV/repository.renegadestv/raw/master/Logos/ION.png,,xmltv,0,261
CartoonNetwork,Cartoon Network,https://github.com/RenegadesTV/repository.renegadestv/raw/master/Logos/Cartoon%20Network.png,,xmltv,1,50
DEST,Destination America,https://github.com/RenegadesTV/repository.renegadestv/raw/master/Logos/Destination%20America.png,,xmltv,1,33
FREEFRM,Freeform,https://github.com/RenegadesTV/repository.renegadestv/raw/master/Logos/Freeform.png,,xmltv,0,262
TBN,TBN,https://github.com/RenegadesTV/repository.renegadestv/raw/master/Logos/TBN.png,,xmltv,0,263
Comedy Central,ComedyCentral,https://github.com/RenegadesTV/repository.renegadestv/raw/master/Logos/ComedyCentral.png,,xmltv,1,16
Discovey,Discovery,https://github.com/RenegadesTV/repository.renegadestv/raw/master/Logos/Discovery.png,,xmltv,1,38
Food Network USA,Food Network USA,https://github.com/RenegadesTV/repository.renegadestv/raw/master/Logos/Food%20Network%20USA.png,,xmltv,1,30
FX,FX,https://github.com/RenegadesTV/repository.renegadestv/raw/master/Logos/FX.png,,xmltv,1,18
National Geographic,Nat Geo,https://github.com/RenegadesTV/repository.renegadestv/raw/master/Logos/Nat%20Geo.png,,xmltv,1,45
Histy,History,https://github.com/RenegadesTV/repository.renegadestv/raw/master/Logos/History.png,,xmltv,1,35
Lifetime,Lifetime,https://github.com/RenegadesTV/repository.renegadestv/raw/master/Logos/Lifetime.png,,xmltv,1,17
Spike,Spike,https://github.com/RenegadesTV/repository.renegadestv/raw/master/Logos/Spike.png,,xmltv,1,20
Nick,Nickelodeon,https://github.com/RenegadesTV/repository.renegadestv/raw/master/Logos/Nickelodeon.png,,xmltv,1,52
USA Network,USA Network,https://github.com/RenegadesTV/repository.renegadestv/raw/master/Logos/USA%20Network.png,,xmltv,1,27
BET,BET,https://github.com/RenegadesTV/repository.renegadestv/raw/master/Logos/BET.png,,xmltv,1,13
Syfy,Syfy,https://github.com/RenegadesTV/repository.renegadestv/raw/master/Logos/Syfy.png,,xmltv,1,21
HGTV,HGTVHD,https://github.com/RenegadesTV/repository.renegadestv/raw/master/Logos/HGTVHD.png,,xmltv,1,61
DIY,DIY Network,https://github.com/RenegadesTV/repository.renegadestv/raw/master/Logos/DIY%20Network.png,,xmltv,0,264
truTV,truTV,https://github.com/RenegadesTV/repository.renegadestv/raw/master/Logos/truTV.png,,xmltv,1,25
WGNA,WGN America,https://github.com/RenegadesTV/repository.renegadestv/raw/master/Logos/WGN%20America.png,,xmltv,0,265
Hallmark,Hallmark Channel,https://github.com/RenegadesTV/repository.renegadestv/raw/master/Logos/Hallmark%20Channel.png,,xmltv,0,266
CHCH,CHCH Hamilton,https://github.com/RenegadesTV/repository.renegadestv/raw/master/Logos/CHCH%20Hamilton.png,,xmltv,0,267
CHAN,Global Vancouver,https://github.com/RenegadesTV/repository.renegadestv/raw/master/Logos/Global%20Vancouver.png,,xmltv,0,268
CICT,Global Calgary,https://github.com/RenegadesTV/repository.renegadestv/raw/master/Logos/Global%20Calgary.png,,xmltv,0,269
CITV,Global Edmonton,https://github.com/RenegadesTV/repository.renegadestv/raw/master/Logos/Global%20Edmonton.png,,xmltv,0,270
CIII,Global Toronto,https://github.com/RenegadesTV/repository.renegadestv/raw/master/Logos/Global%20Toronto.png,,xmltv,0,271
CIHF,Global Halifax,https://github.com/RenegadesTV/repository.renegadestv/raw/master/Logos/Global%20Halifax.png,,xmltv,0,272
CFRN,CTV Edmonton,https://github.com/RenegadesTV/repository.renegadestv/raw/master/Logos/CTV%20Edmonton.png,,xmltv,0,273
CKCK,CTV Regina,https://github.com/RenegadesTV/repository.renegadestv/raw/master/Logos/CTV%20Regina.png,,xmltv,0,274
CISA,CTV Lethbridge,https://github.com/RenegadesTV/repository.renegadestv/raw/master/Logos/CTV%20Lethbridge.png,,xmltv,0,275
CICC,CTV Yorkton,https://github.com/RenegadesTV/repository.renegadestv/raw/master/Logos/CTV%20Yorkton.png,,xmltv,0,276
HISTC,History Canada,https://github.com/RenegadesTV/repository.renegadestv/raw/master/Logos/History%20Canada.png,,xmltv,1,36
CWEA,The Weather Network,https://github.com/RenegadesTV/repository.renegadestv/raw/master/Logos/The%20Weather%20Network.png,,xmltv,0,277
SHOPC,The Shopping Channel,https://github.com/RenegadesTV/repository.renegadestv/raw/master/Logos/The%20Shopping%20Channel.png,,xmltv,0,278
CITY,City TV Toronto,https://github.com/RenegadesTV/repository.renegadestv/raw/master/Logos/City%20TV%20Toronto.png,,xmltv,0,279
CFCF,City TV Montreal,https://github.com/RenegadesTV/repository.renegadestv/raw/master/Logos/City%20TV%20Montreal.png,,xmltv,0,280
CKVU,City TV Vancouver,https://github.com/RenegadesTV/repository.renegadestv/raw/master/Logos/City%20TV%20Vancouver.png,,xmltv,0,281
CKAL,City TV Calgary,https://github.com/RenegadesTV/repository.renegadestv/raw/master/Logos/City%20TV%20Calgary.png,,xmltv,0,282
FOODC,Food Network Canada,https://github.com/RenegadesTV/repository.renegadestv/raw/master/Logos/Food%20Network%20Canada.png,,xmltv,0,283
TREEC,Treehouse,https://github.com/RenegadesTV/repository.renegadestv/raw/master/Logos/Treehouse.png,,xmltv,0,284
Cheers,Cheers,https://github.com/RenegadesTV/repository.renegadestv/raw/master/Logos/Cheers.png,,xmltv,0,285
24,24,https://github.com/RenegadesTV/repository.renegadestv/raw/master/Logos/24.png,,xmltv,0,286
Prison Break,Prison Break,https://github.com/RenegadesTV/repository.renegadestv/raw/master/Logos/Prison%20Break.png,,xmltv,0,287
Vikings,Vikings,https://github.com/RenegadesTV/repository.renegadestv/raw/master/Logos/Vikings.png,,xmltv,0,288
oz,Oz,https://github.com/RenegadesTV/repository.renegadestv/raw/master/Logos/Oz.png,,xmltv,0,289
ufc,UFC Network,https://github.com/RenegadesTV/repository.renegadestv/raw/master/Logos/UFC%20Network.png,,xmltv,0,290
Adventure Time,Adventure Time,https://github.com/RenegadesTV/repository.renegadestv/raw/master/Logos/Adventure%20Time.png,,xmltv,0,291
Always Sunny in Philadelphia,Always Sunny in Philadelphia,https://github.com/RenegadesTV/repository.renegadestv/raw/master/Logos/Always%20Sunny%20in%20Philadelphia.png,,xmltv,0,292
American Dad,American Dad,https://github.com/RenegadesTV/repository.renegadestv/raw/master/Logos/American%20Dad.png,,xmltv,0,293
Archer,Archer,https://github.com/RenegadesTV/repository.renegadestv/raw/master/Logos/Archer.png,,xmltv,0,294
Aqua Teen Hunger Force,Aqua Teen Hunger Force,https://github.com/RenegadesTV/repository.renegadestv/raw/master/Logos/Aqua%20Teen%20Hunger%20Force.png,,xmltv,0,295
Better Call Saul,Better Call Saul,https://github.com/RenegadesTV/repository.renegadestv/raw/master/Logos/Better%20Call%20Saul.png,,xmltv,0,296
Bobs Burgers,Bobs Burgers,https://github.com/RenegadesTV/repository.renegadestv/raw/master/Logos/Bobs%20Burgers.png,,xmltv,0,297
Breaking Bad,Breaking Bad,https://github.com/RenegadesTV/repository.renegadestv/raw/master/Logos/Breaking%20Bad.png,,xmltv,0,298
Brickleberry,Brickleberry,https://github.com/RenegadesTV/repository.renegadestv/raw/master/Logos/Brickleberry.png,,xmltv,0,299
Community,Community,https://github.com/RenegadesTV/repository.renegadestv/raw/master/Logos/Community.png,,xmltv,0,300
Family Guy,Family Guy,https://github.com/RenegadesTV/repository.renegadestv/raw/master/Logos/Family%20Guy.png,,xmltv,0,301
Futurama,Futurama,https://github.com/RenegadesTV/repository.renegadestv/raw/master/Logos/Futurama.png,,xmltv,0,302
Game of Thrones,Game of Thrones,https://github.com/RenegadesTV/repository.renegadestv/raw/master/Logos/Game%20of%20Thrones.png,,xmltv,0,303
Heroes,Heroes,https://github.com/RenegadesTV/repository.renegadestv/raw/master/Logos/Heroes.png,,xmltv,0,304
How i Met Your Mother,How i Met Your Mother,https://github.com/RenegadesTV/repository.renegadestv/raw/master/Logos/How%20i%20Met%20Your%20Mother.png,,xmltv,0,305
House,House,https://github.com/RenegadesTV/repository.renegadestv/raw/master/Logos/House.png,,xmltv,0,306
House of Cards,House of Cards,https://github.com/RenegadesTV/repository.renegadestv/raw/master/Logos/House%20of%20Cards.png,,xmltv,0,307
King of the Hill,King of the Hill,https://github.com/RenegadesTV/repository.renegadestv/raw/master/Logos/King%20of%20the%20Hill.png,,xmltv,0,308
Lost,Lost,https://github.com/RenegadesTV/repository.renegadestv/raw/master/Logos/Lost.png,,xmltv,0,309
Mad Men,Mad Men,https://github.com/RenegadesTV/repository.renegadestv/raw/master/Logos/Mad%20Men.png,,xmltv,0,310
Man vs Wild,Man vs Wild,https://github.com/RenegadesTV/repository.renegadestv/raw/master/Logos/Man%20vs%20Wild.png,,xmltv,0,311
Poker Channel,Poker Channel,https://github.com/RenegadesTV/repository.renegadestv/raw/master/Logos/Poker%20Channel.png,,xmltv,0,312
Rick and Morty,Rick and Morty,https://github.com/RenegadesTV/repository.renegadestv/raw/master/Logos/Rick%20and%20Morty.png,,xmltv,0,313
Scrubs,Scrubs,https://github.com/RenegadesTV/repository.renegadestv/raw/master/Logos/Scrubs.png,,xmltv,0,314
Smallville,Smallville,https://github.com/RenegadesTV/repository.renegadestv/raw/master/Logos/Smallville.png,,xmltv,0,315
Sons of Anarchy,Sons of Anarchy,https://github.com/RenegadesTV/repository.renegadestv/raw/master/Logos/Sons%20of%20Anarchy.png,,xmltv,0,316
South Park,South Park,https://github.com/RenegadesTV/repository.renegadestv/raw/master/Logos/South%20Park.png,,xmltv,0,317
Spartacus,Spartacus,https://github.com/RenegadesTV/repository.renegadestv/raw/master/Logos/Spartacus.png,,xmltv,0,318
Stargate,Stargate,https://github.com/RenegadesTV/repository.renegadestv/raw/master/Logos/Stargate.png,,xmltv,0,319
Supernatural,Supernatural,https://github.com/RenegadesTV/repository.renegadestv/raw/master/Logos/Supernatural.png,,xmltv,0,320
The 100,The 100,https://github.com/RenegadesTV/repository.renegadestv/raw/master/Logos/The%20100.png,,xmltv,0,321
The Big Bang Theory,The Big Bang Theory,https://github.com/RenegadesTV/repository.renegadestv/raw/master/Logos/The%20Big%20Bang%20Theory.png,,xmltv,0,322
The Cleveland Show,The Cleveland Show,https://github.com/RenegadesTV/repository.renegadestv/raw/master/Logos/The%20Cleveland%20Show.png,,xmltv,0,323
The Office,The Office,https://github.com/RenegadesTV/repository.renegadestv/raw/master/Logos/The%20Office.png,,xmltv,0,324
The Simpsons,The Simpsons,https://github.com/RenegadesTV/repository.renegadestv/raw/master/Logos/The%20Simpsons.png,,xmltv,0,325
The Walking Dead,The Walking Dead,https://github.com/RenegadesTV/repository.renegadestv/raw/master/Logos/The%20Walking%20Dead.png,,xmltv,0,326
Trip Tank,Trip Tank,https://github.com/RenegadesTV/repository.renegadestv/raw/master/Logos/Trip%20Tank.png,,xmltv,0,327
Weeds,Weeds,https://github.com/RenegadesTV/repository.renegadestv/raw/master/Logos/Weeds.png,,xmltv,0,328
Workaholics,Workaholics,https://github.com/RenegadesTV/repository.renegadestv/raw/master/Logos/Workaholics.png,,xmltv,0,329
30 Rock,30 Rock,https://github.com/RenegadesTV/repository.renegadestv/raw/master/Logos/30%20Rock.png,,xmltv,0,330
Aliens and UFOs,Aliens & UFOs,https://github.com/RenegadesTV/repository.renegadestv/raw/master/Logos/Aliens%20&%20UFOs.png,,xmltv,0,331
Arrested Development,Arrested Development,https://github.com/RenegadesTV/repository.renegadestv/raw/master/Logos/Arrested%20Development.png,,xmltv,0,332
Beast Wars,Beast Wars,https://github.com/RenegadesTV/repository.renegadestv/raw/master/Logos/Beast%20Wars.png,,xmltv,0,333
Chuck,Chuck,https://github.com/RenegadesTV/repository.renegadestv/raw/master/Logos/Chuck.png,,xmltv,0,334
Crime Central,Crime Central,https://github.com/RenegadesTV/repository.renegadestv/raw/master/Logos/Crime%20Central.png,,xmltv,0,335
Dexter,Dexter,https://github.com/RenegadesTV/repository.renegadestv/raw/master/Logos/Dexter.png,,xmltv,0,336
Discorvery House,Discovery House,https://github.com/RenegadesTV/repository.renegadestv/raw/master/Logos/Discovery%20House.png,,xmltv,0,337
Dragonball GT,Dragonball GT,https://github.com/RenegadesTV/repository.renegadestv/raw/master/Logos/Dragonball%20GT.png,,xmltv,0,338
Dr Who,Dr Who,https://github.com/RenegadesTV/repository.renegadestv/raw/master/Logos/Dr%20Who.png,,xmltv,0,339
Flinstones,Flinstones,https://github.com/RenegadesTV/repository.renegadestv/raw/master/Logos/Flinstones.png,,xmltv,0,340
Friends,Friends,https://github.com/RenegadesTV/repository.renegadestv/raw/master/Logos/Friends.png,,xmltv,0,341
Fringe,Fringe,https://github.com/RenegadesTV/repository.renegadestv/raw/master/Logos/Fringe.png,,xmltv,0,342
Haunted House,Haunted House,https://github.com/RenegadesTV/repository.renegadestv/raw/master/Logos/Haunted%20House.png,,xmltv,0,343
Home Improvements,Home Improvements,https://github.com/RenegadesTV/repository.renegadestv/raw/master/Logos/Home%20Improvements.png,,xmltv,0,344
Hardcore Pawn,Hardcore Pawn,https://github.com/RenegadesTV/repository.renegadestv/raw/master/Logos/Hardcore%20Pawn.png,,xmltv,0,345
Impractical Jokers,Impractical Jokers,https://github.com/RenegadesTV/repository.renegadestv/raw/master/Logos/Impractical%20Jokers.png,,xmltv,0,346
Law & Order,Law & Order,https://github.com/RenegadesTV/repository.renegadestv/raw/master/Logos/Law%20&%20Order.png,,xmltv,0,347
Little House on the Prairie,Little House on the Prairie,https://github.com/RenegadesTV/repository.renegadestv/raw/master/Logos/Little%20House%20on%20the%20Prairie.png,,xmltv,0,348
Looney Toons,Looney Toons,https://github.com/RenegadesTV/repository.renegadestv/raw/master/Logos/Looney%20Toons.png,,xmltv,0,349
Married With Children,Married With Children,https://github.com/RenegadesTV/repository.renegadestv/raw/master/Logos/Married%20With%20Children.png,,xmltv,0,350
MasterChef,MasterChef,https://github.com/RenegadesTV/repository.renegadestv/raw/master/Logos/MasterChef.png,,xmltv,0,351
NCIS,NCIS,https://github.com/RenegadesTV/repository.renegadestv/raw/master/Logos/NCIS.png,,xmltv,0,352
New Girl,New Girl,https://github.com/RenegadesTV/repository.renegadestv/raw/master/Logos/New%20Girl.png,,xmltv,0,353
Regular Show,Regular Show,https://github.com/RenegadesTV/repository.renegadestv/raw/master/Logos/Regular%20Show.png,,xmltv,0,354
Seinfeld,Seinfeld,https://github.com/RenegadesTV/repository.renegadestv/raw/master/Logos/Seinfeld.png,,xmltv,0,355
Star Trek NG,Star Trek NG,https://github.com/RenegadesTV/repository.renegadestv/raw/master/Logos/Star%20Trek%20NG.png,,xmltv,0,356
Suits,Suits,https://github.com/RenegadesTV/repository.renegadestv/raw/master/Logos/Suits.png,,xmltv,0,357
That 70s Show,That 70s Show,https://github.com/RenegadesTV/repository.renegadestv/raw/master/Logos/That%2070s%20Show.png,,xmltv,0,358
The King of Queens,The King of Queens,https://github.com/RenegadesTV/repository.renegadestv/raw/master/Logos/The%20King%20of%20Queens.png,,xmltv,0,359
The Bugs Bunny Show,The Bugs Bunny Show,https://github.com/RenegadesTV/repository.renegadestv/raw/master/Logos/The%20Bugs%20Bunny%20Show.png,,xmltv,0,360
Tom & Jerry,Tom & Jerry,https://github.com/RenegadesTV/repository.renegadestv/raw/master/Logos/Tom%20&%20Jerry.png,,xmltv,0,361
Top Gear,Top Gear,https://github.com/RenegadesTV/repository.renegadestv/raw/master/Logos/Top%20Gear.png,,xmltv,0,362
The Waltons,The Waltons,https://github.com/RenegadesTV/repository.renegadestv/raw/master/Logos/The%20Waltons.png,,xmltv,0,363
Trailer Park Boys,Trailer Park Boys,https://github.com/RenegadesTV/repository.renegadestv/raw/master/Logos/Trailer%20Park%20Boys.png,,xmltv,0,364
Sopranos,Sopranos,https://github.com/RenegadesTV/repository.renegadestv/raw/master/Logos/Sopranos.png,,xmltv,0,365
GamesMaster,GamesMaster,https://github.com/RenegadesTV/repository.renegadestv/raw/master/Logos/GamesMaster.png,,xmltv,0,366
Retromania,Retromania,https://github.com/RenegadesTV/repository.renegadestv/raw/master/Logos/Retromania.png,,xmltv,0,367
Ntvnauta,Ntvnauta,https://github.com/RenegadesTV/repository.renegadestv/raw/master/Logos/Ntvnauta.png,,xmltv,0,368
Renegades 1,Renegades 1,https://github.com/RenegadesTV/repository.renegadestv/raw/master/Logos/Renegades%201.png,,xmltv,0,369
Renegades 2,Renegades 2,https://github.com/RenegadesTV/repository.renegadestv/raw/master/Logos/Renegades%202.png,,xmltv,0,370
Renegades 3,Renegades 3,https://github.com/RenegadesTV/repository.renegadestv/raw/master/Logos/Renegades%203.png,,xmltv,0,371
Renegades 4,Renegades 4,https://github.com/RenegadesTV/repository.renegadestv/raw/master/Logos/Renegades%204.png,,xmltv,0,372
Renegades 5,Renegades 5,https://github.com/RenegadesTV/repository.renegadestv/raw/master/Logos/Renegades%205.png,,xmltv,0,373
Renegades 6,Renegades 6,https://github.com/RenegadesTV/repository.renegadestv/raw/master/Logos/Renegades%206.png,,xmltv,0,374
Renegades 7,Renegades 7,https://github.com/RenegadesTV/repository.renegadestv/raw/master/Logos/Renegades%207.png,,xmltv,0,375
Renegades 8,Renegades 8,https://github.com/RenegadesTV/repository.renegadestv/raw/master/Logos/Renegades%208.png,,xmltv,0,376
Renegades 9,Renegades 9,https://github.com/RenegadesTV/repository.renegadestv/raw/master/Logos/Renegades%209.png,,xmltv,0,377
Renegades 10,Renegades 10,https://github.com/RenegadesTV/repository.renegadestv/raw/master/Logos/Renegades%2010.png,,xmltv,0,378
Renegades 11,Renegades 11,https://github.com/RenegadesTV/repository.renegadestv/raw/master/Logos/Renegades%2011.png,,xmltv,0,379
Renegades 12,Renegades 12,https://github.com/RenegadesTV/repository.renegadestv/raw/master/Logos/Renegades%2012.png,,xmltv,0,380
Renegades 13,Renegades 13,https://github.com/RenegadesTV/repository.renegadestv/raw/master/Logos/Renegades%2013.png,,xmltv,0,381
Renegades 14,Renegades 14,https://github.com/RenegadesTV/repository.renegadestv/raw/master/Logos/Renegades%2014.png,,xmltv,0,382
Renegades 15,Renegades 15,https://github.com/RenegadesTV/repository.renegadestv/raw/master/Logos/Renegades%2015.png,,xmltv,0,383
Renegades 16,Renegades 16,https://github.com/RenegadesTV/repository.renegadestv/raw/master/Logos/Renegades%2016.png,,xmltv,0,384
Renegades 17,Renegades 17,https://github.com/RenegadesTV/repository.renegadestv/raw/master/Logos/Renegades%2017.png,,xmltv,0,385
Renegades 18,Renegades 18,https://github.com/RenegadesTV/repository.renegadestv/raw/master/Logos/Renegades%2018.png,,xmltv,0,386
Renegades 19,Renegades 19,https://github.com/RenegadesTV/repository.renegadestv/raw/master/Logos/Renegades%2019.png,,xmltv,0,387
Renegades 20,Renegades 20,https://github.com/RenegadesTV/repository.renegadestv/raw/master/Logos/Renegades%2020.png,,xmltv,0,388
Renegades 21,Renegades 21,https://github.com/RenegadesTV/repository.renegadestv/raw/master/Logos/Renegades%2021.png,,xmltv,0,389
Renegades 22,Renegades 22,https://github.com/RenegadesTV/repository.renegadestv/raw/master/Logos/Renegades%2022.png,,xmltv,0,390
Renegades 23,Renegades 23,https://github.com/RenegadesTV/repository.renegadestv/raw/master/Logos/Renegades%2023.png,,xmltv,0,391
Renegades 24,Renegades 24,https://github.com/RenegadesTV/repository.renegadestv/raw/master/Logos/Renegades%2024.png,,xmltv,0,392
Renegades 25,Renegades 25,https://github.com/RenegadesTV/repository.renegadestv/raw/master/Logos/Renegades%2025.png,,xmltv,0,393
Renegades 26,Renegades 26,https://github.com/RenegadesTV/repository.renegadestv/raw/master/Logos/Renegades%2026.png,,xmltv,0,394
Renegades 27,Renegades 27,https://github.com/RenegadesTV/repository.renegadestv/raw/master/Logos/Renegades%2027.png,,xmltv,0,395
Renegades 28,Renegades 28,https://github.com/RenegadesTV/repository.renegadestv/raw/master/Logos/Renegades%2028.png,,xmltv,0,396
Renegades 29,Renegades 29,https://github.com/RenegadesTV/repository.renegadestv/raw/master/Logos/Renegades%2029.png,,xmltv,0,397
Renegades 30,Renegades 30,https://github.com/RenegadesTV/repository.renegadestv/raw/master/Logos/Renegades%2030.png,,xmltv,0,398
Turner Network Television,TNT,https://github.com/RenegadesTV/repository.renegadestv/raw/master/Logos/TNT.png,,xmltv,1,24
Hallmark Channel,Hallmark Channel,https://github.com/RenegadesTV/repository.renegadestv/raw/master/Logos/Hallmark%20Channel.png,,xmltv,0,399
BT Sport X1,btx1,https://github.com/RenegadesTV/repository.renegadestv/raw/master/Logos/btx1.png,,xmltv,0,400
BT Sport X2,btx2,https://github.com/RenegadesTV/repository.renegadestv/raw/master/Logos/btx2.png,,xmltv,0,401
BT Sport X3,btx3,https://github.com/RenegadesTV/repository.renegadestv/raw/master/Logos/btx3.png,,xmltv,0,402
BT Sport X4,btx4,https://github.com/RenegadesTV/repository.renegadestv/raw/master/Logos/btx4.png,,xmltv,0,403
BT Sport X5,btx5,https://github.com/RenegadesTV/repository.renegadestv/raw/master/Logos/btx5.png,,xmltv,0,404
BT Sport X6,btx6,https://github.com/RenegadesTV/repository.renegadestv/raw/master/Logos/btx6.png,,xmltv,0,405
mioStadium 102 (HD),mio Stadium 101,https://github.com/RenegadesTV/repository.renegadestv/raw/master/Logos/mio%20Stadium%20101.png,,xmltv,0,406
mioStadium Multiview 101,mio Stadium 102,https://github.com/RenegadesTV/repository.renegadestv/raw/master/Logos/mio%20Stadium%20102.png,,xmltv,0,407
mioStadium 103 (HD),mio Stadium 103,https://github.com/RenegadesTV/repository.renegadestv/raw/master/Logos/mio%20Stadium%20103.png,,xmltv,0,408
mioStadium 104 (HD),mio Stadium 104,https://github.com/RenegadesTV/repository.renegadestv/raw/master/Logos/mio%20Stadium%20104.png,,xmltv,0,409
mioStadium 105 (HD),mio Stadium 105,https://github.com/RenegadesTV/repository.renegadestv/raw/master/Logos/mio%20Stadium%20105.png,,xmltv,0,410
mioStadium 106 (HD),mio Stadium 106,https://github.com/RenegadesTV/repository.renegadestv/raw/master/Logos/mio%20Stadium%20106.png,,xmltv,0,411
mioStadium 107 (HD),mio Stadium 107,https://github.com/RenegadesTV/repository.renegadestv/raw/master/Logos/mio%20Stadium%20107.png,,xmltv,0,412
NBCEXH1,ExtraTime1HD,https://github.com/RenegadesTV/repository.renegadestv/raw/master/Logos/ExtraTime1HD.png,,xmltv,0,413
NBCEXH2,ExtraTime2HD,https://github.com/RenegadesTV/repository.renegadestv/raw/master/Logos/ExtraTime2HD.png,,xmltv,0,414
NBCEXH3,ExtraTime3,https://github.com/RenegadesTV/repository.renegadestv/raw/master/Logos/ExtraTime3.png,,xmltv,0,415
NBCEXH4,ExtraTime4,https://github.com/RenegadesTV/repository.renegadestv/raw/master/Logos/ExtraTime4.png,,xmltv,0,416
NBCEXH5,ExtraTime5HD,https://github.com/RenegadesTV/repository.renegadestv/raw/master/Logos/ExtraTime5HD.png,,xmltv,0,417
NFL Sunday Ticket HDTV13,NFL9,https://github.com/RenegadesTV/repository.renegadestv/raw/master/Logos/NFL9.png,,xmltv,0,418
NFL Sunday Ticket HDTV11,NFL7,https://github.com/RenegadesTV/repository.renegadestv/raw/master/Logos/NFL7.png,,xmltv,0,419
NFL Sunday Ticket HDTV7,NFL3,https://github.com/RenegadesTV/repository.renegadestv/raw/master/Logos/NFL3.png,,xmltv,0,420
NFL Sunday Ticket HDTV6,NFL2,https://github.com/RenegadesTV/repository.renegadestv/raw/master/Logos/NFL2.png,,xmltv,0,421
NFL Sunday Ticket HDTV5,NFL,https://github.com/RenegadesTV/repository.renegadestv/raw/master/Logos/NFL.png,,xmltv,0,422
NFL Sunday Ticket HDTV10,NFL6,https://github.com/RenegadesTV/repository.renegadestv/raw/master/Logos/NFL6.png,,xmltv,0,423
NFL Sunday Ticket HDTV8,NFL4,https://github.com/RenegadesTV/repository.renegadestv/raw/master/Logos/NFL4.png,,xmltv,0,424
NFL Sunday Ticket HDTV9,NFL5,https://github.com/RenegadesTV/repository.renegadestv/raw/master/Logos/NFL5.png,,xmltv,0,425
NFL Sunday Ticket HDTV12,NFL8,https://github.com/RenegadesTV/repository.renegadestv/raw/master/Logos/NFL8.png,,xmltv,0,426
NFL Sunday Ticket HDTV14,NFL10,https://github.com/RenegadesTV/repository.renegadestv/raw/master/Logos/NFL10.png,,xmltv,0,427
NFL Sunday Ticket HDTV15,NFL11,https://github.com/RenegadesTV/repository.renegadestv/raw/master/Logos/NFL11.png,,xmltv,0,428
NFL Sunday Ticket HDTV16,NFL12,https://github.com/RenegadesTV/repository.renegadestv/raw/master/Logos/NFL12.png,,xmltv,0,429
CW Central PA HDTV,The CW,https://github.com/RenegadesTV/repository.renegadestv/raw/master/Logos/The%20CW.png,,xmltv,1,5
SHOWTIME,Showtime,https://github.com/RenegadesTV/repository.renegadestv/raw/master/Logos/Showtime.png,,xmltv,0,430
SHO BEYOND,Showtime Beyond,https://github.com/RenegadesTV/repository.renegadestv/raw/master/Logos/Showtime%20Beyond.png,,xmltv,0,431
SHO NEXT,Showtime Next,https://github.com/RenegadesTV/repository.renegadestv/raw/master/Logos/Showtime%20Next.png,,xmltv,0,432
SHOWTIME SHOWCASE,Showtime Showcase,https://github.com/RenegadesTV/repository.renegadestv/raw/master/Logos/Showtime%20Showcase.png,,xmltv,0,433
SHO EXTREME,Showtime Extreme,https://github.com/RenegadesTV/repository.renegadestv/raw/master/Logos/Showtime%20Extreme.png,,xmltv,0,434
SHOWTIME FAMILY ZONE,Showtime Familyzone,https://github.com/RenegadesTV/repository.renegadestv/raw/master/Logos/Showtime%20Familyzone.png,,xmltv,0,435
SHO WOMEN,Showtime Women,https://github.com/RenegadesTV/repository.renegadestv/raw/master/Logos/Showtime%20Women.png,,xmltv,0,436
Hallmark Channel ,Hallmark Channel,https://github.com/RenegadesTV/repository.renegadestv/raw/master/Logos/Hallmark%20Channel.png,,xmltv,0,438
HBO ,HBO,https://github.com/RenegadesTV/repository.renegadestv/raw/master/Logos/HBO.png,,xmltv,0,439
HBO 2 ,HBO2,https://github.com/RenegadesTV/repository.renegadestv/raw/master/Logos/HBO2.png,,xmltv,0,440
HBO Comedy ,HBO Comedy,https://github.com/RenegadesTV/repository.renegadestv/raw/master/Logos/HBO%20Comedy.png,,xmltv,0,441
HBO Family ,HBO Family,https://github.com/RenegadesTV/repository.renegadestv/raw/master/Logos/HBO%20Family.png,,xmltv,0,442
HBO Zone HDTV ,HBO Zone,https://github.com/RenegadesTV/repository.renegadestv/raw/master/Logos/HBO%20Zone.png,,xmltv,0,443
HBO Signature ,HBO Signature,https://github.com/RenegadesTV/repository.renegadestv/raw/master/Logos/HBO%20Signature.png,,xmltv,0,444
Cinemax HDTV ,Cinemax East,https://github.com/RenegadesTV/repository.renegadestv/raw/master/Logos/Cinemax%20East.png,,xmltv,0,445
Cinemax ,Cinemax West,https://github.com/RenegadesTV/repository.renegadestv/raw/master/Logos/Cinemax%20West.png,,xmltv,0,446
ActionMAX ,ActionMAX East,https://github.com/RenegadesTV/repository.renegadestv/raw/master/Logos/ActionMAX%20East.png,,xmltv,0,447
Starz ,Starz East,https://github.com/RenegadesTV/repository.renegadestv/raw/master/Logos/Starz%20East.png,,xmltv,0,448
Starz (WEST) ,Starz West,https://github.com/RenegadesTV/repository.renegadestv/raw/master/Logos/Starz%20West.png,,xmltv,0,449
Starz Edge ,Starz Edge East,https://github.com/RenegadesTV/repository.renegadestv/raw/master/Logos/Starz%20Edge%20East.png,,xmltv,0,450
STARZ Cinema ,Starz Cinema East,https://github.com/RenegadesTV/repository.renegadestv/raw/master/Logos/Starz%20Cinema%20East.png,,xmltv,0,451
Starz Comedy ,Starz Comedy East,https://github.com/RenegadesTV/repository.renegadestv/raw/master/Logos/Starz%20Comedy%20East.png,,xmltv,0,452
STARZ InBlack ,Starz In Black East,https://github.com/RenegadesTV/repository.renegadestv/raw/master/Logos/Starz%20In%20Black%20East.png,,xmltv,0,453
Starz Kids & Family ,Starz Kids and Family East,https://github.com/RenegadesTV/repository.renegadestv/raw/master/Logos/Starz%20Kids%20and%20Family%20East.png,,xmltv,0,454
TBS Superstation HDTV ,TBS,https://github.com/RenegadesTV/repository.renegadestv/raw/master/Logos/TBS.png,,xmltv,1,22
Starz (East),Starz East,https://github.com/RenegadesTV/repository.renegadestv/raw/master/Logos/Starz%20East.png,,xmltv,0,455
NFL Sunday Ticket HDTV17,NFL13,https://github.com/RenegadesTV/repository.renegadestv/raw/master/Logos/NFL13.png,,xmltv,0,456
Disney XD [East],Disney XD US,https://github.com/RenegadesTV/repository.renegadestv/raw/master/Logos/Disney%20XD%20US.png,,xmltv,1,52
Nickelodeon [East],Nickelodeon US,https://github.com/RenegadesTV/repository.renegadestv/raw/master/Logos/Nickelodeon%20US.png,,xmltv,1,53
Nicktoons Network [East],Nicktoons Network US,https://github.com/RenegadesTV/repository.renegadestv/raw/master/Logos/Nicktoons%20Network%20US.png,,xmltv,0,54
Nick Jr.,Nick Jr US,https://github.com/RenegadesTV/repository.renegadestv/raw/master/Logos/Nick%20Jr%20US.png,,xmltv,0,55
Disney Junior SD East,Disney Junior US,https://github.com/RenegadesTV/repository.renegadestv/raw/master/Logos/Disney%20Junior%20US.png,,xmltv,0,52
The Disney Channel [East],Disney Channel US,https://github.com/RenegadesTV/repository.renegadestv/raw/master/Logos/Disney%20Channel%20US.png,,xmltv,1,56
Boomerang,boomerang,https://github.com/RenegadesTV/repository.renegadestv/raw/master/Logos/boomerang.png,,xmltv,0,57
Cartoon Network [East],Cartoon Network US,https://github.com/RenegadesTV/repository.renegadestv/raw/master/Logos/Cartoon%20Network%20US.png,,xmltv,1,49
The Oprah Winfrey Network [East],OWN,https://github.com/RenegadesTV/repository.renegadestv/raw/master/Logos/OWN.png,,xmltv,1,58
Five Star Max,Five Star Max,https://github.com/RenegadesTV/repository.renegadestv/raw/master/Logos/Five%20Star%20Max.png,,xmltv,0,457
